Student_ID,Study_Hours,Sleep_Hours,Attendance,Math,Physics,Chemistry,English,Computer_Science
1,2.5,6.0,72,58,62,55,68,70
2,4.0,7.0,85,72,75,70,78,82
3,6.0,7.5,92,88,85,90,84,91
4,3.0,5.5,68,61,58,64,60,65
5,7.0,8.0,96,94,91,93,89,96
6,5.0,7.0,88,79,82,77,85,87
7,1.5,6.0,60,48,52,45,55,50
8,8.0,8.5,98,97,95,96,94,99
9,4.5,6.5,80,74,70,73,76,78
10,6.5,7.5,94,89,87,91,88,93
11,3.5,6.0,75,65,63,60,70,72
12,5.5,7.0,86,81,79,83,80,85
13,2.0,5.0,55,45,48,42,50,47
14,7.5,8.0,97,95,92,94,91,98
15,4.0,6.5,82,70,73,68,75,80
20,5.0,7.5,90,84,86,80,82,88
